year,month,lc_name,ndvi_mean,ndvi_median,n_states,negative_states,shallow_mean,root_mean,vpd_mean
2003,4,cropland,-0.10067154284893291,-0.0974412988669942,15,15,-0.035351812493796896,-0.008640774074750715,0.06345927917374272
2003,4,forest,-0.026160263313500225,-0.0313039017845939,15,12,-0.03146724158844742,-0.01055974100299562,0.05852570987105911
2003,4,grassland,-0.04757456836752248,-0.0598125034654838,13,12,-0.02701886638106144,-0.009748014857399338,0.0524431691357885
2003,5,cropland,-0.010533950101288873,-0.010180344428867,15,13,-0.0134803984997384,-0.011658221511746074,0.03440552264588586
2003,5,forest,-0.02185958159993288,-0.0219966363576981,15,11,-0.010467738193400042,-0.012776522629291345,0.029418381645324457
2003,5,grassland,-0.015050614644637831,-0.0140205420016634,13,9,-0.0002227338403971036,-0.010467967642248067,0.01717297498638927
2003,6,cropland,-0.011051308422032325,-0.0132822921747882,15,12,-0.05073944240572422,-0.014090908971914801,0.21330384762984528
2003,6,forest,0.011420023145164706,0.0130683332643222,15,5,-0.04891340413420717,-0.01479749159226718,0.2043904484186894
2003,6,grassland,-0.01512514498687293,-0.000612166777629804,13,7,-0.037673889679292055,-0.012430694323035988,0.17385989125053758
2003,7,cropland,-0.03412866931123479,-0.0344374562726725,15,15,-0.05023946684746843,-0.018644603457068854,0.0920075488401341
2003,7,forest,0.004870813664711967,0.0037106951871657,15,5,-0.04643306034773697,-0.020133835615858513,0.07666590073543017
2003,7,grassland,-0.025941553191398434,-0.0231001242029387,13,9,-0.035085280015851435,-0.018233963108851708,0.057808055207175725
2003,8,cropland,-0.10034920959139179,-0.0961348233927498,15,15,-0.09813356314339852,-0.027127628897996265,0.46135021249361163
2003,8,forest,-0.04256931616398288,-0.0437490338180865,15,15,-0.09553010093615867,-0.02933784066879658,0.4391257359077162
2003,8,grassland,-0.07310615657399169,-0.0731169999999999,13,12,-0.09308321164477922,-0.0288425685536037,0.33885086773014994
2003,9,cropland,-0.03502145723172032,-0.0321337678869997,15,15,-0.04576228348012712,-0.03153967811713669,0.09360811441702152
2003,9,forest,-0.0078101025721645494,-0.0028988348773641,15,10,-0.04531937994382531,-0.03408593592366129,0.09226863975635603
2003,9,grassland,-0.01985304196499766,-0.0144340000000001,13,9,-0.042463345140520824,-0.03490552749136266,0.06601401970602552
2003,10,cropland,-0.006004102735864291,-0.0010307159353349,15,8,-0.023702839535579542,-0.034247196246661185,-0.03920410473070445
2003,10,forest,0.05212395191451861,0.0569334654064272,15,0,-0.02183258717557874,-0.035488228854702195,-0.04018908999914762
2003,10,grassland,0.004860357969600385,-0.0095784414556962,13,7,-0.019028731624308654,-0.033019875620908266,-0.049168205834139174
2018,4,cropland,0.013019528663989387,0.022359778715593,15,4,0.00876888810656769,0.005904755708469407,0.07039775329434324
2018,4,forest,0.047150499320612146,0.0504080849002953,15,0,0.007889050906940833,0.003919130628680675,0.07517890662225239
2018,4,grassland,0.022051145502422355,0.0276174864037457,13,3,0.006806958353275123,0.003018396577340078,0.0704211250868096
2018,5,cropland,0.0029515978675084997,0.0068398759999999,15,6,-0.04506172193533773,-0.0028930088645612354,0.20855812206779595
2018,5,forest,0.03022908567128494,0.0327247336898395,15,1,-0.04309096866766667,-0.004940399822673492,0.20752045857128315
2018,5,grassland,0.016088047009032175,0.0152169030181979,13,3,-0.04308057471770302,-0.005105416245531632,0.19454147406970035
2018,6,cropland,-0.052212884484346925,-0.0529776045402285,15,15,-0.04954498168935389,-0.01115567156158091,0.0898480862669305
2018,6,forest,-0.012597866585707527,-0.0103403033070347,15,11,-0.03828563254407544,-0.010916357556821327,0.0704680081188389
2018,6,grassland,-0.024207662879005422,-0.0230120000000001,13,8,-0.04330726650039127,-0.01205711591819904,0.07163295103804328
2018,7,cropland,-0.04731885869761893,-0.0386801786709047,15,15,-0.09151429985376185,-0.018314476077083242,0.3978707647525537
2018,7,forest,-0.0016347899536657746,-0.00015691757955138249,15,8,-0.08988873664749927,-0.018374067830716646,0.37679777519623603
2018,7,grassland,-0.04856068867381147,-0.0546079130434784,13,12,-0.09504567924776192,-0.019974619877260655,0.3337049998361944
2018,8,cropland,-0.07939752553482742,-0.0828863012020103,15,15,-0.11106448389484551,-0.0292865364765607,0.4139832578845446
2018,8,forest,-0.023313043150350973,-0.0276609438439618,15,12,-0.1145239701411916,-0.030858962559720475,0.39856294685911825
2018,8,grassland,-0.05092271493651079,-0.03628,13,12,-0.11629668607570857,-0.03467431485723144,0.3495404591564245
2018,9,cropland,-0.07408946933933547,-0.0792027742146772,15,15,-0.08378463374800434,-0.034869631461238816,0.20167965238796207
2018,9,forest,-0.011371572124401411,-0.0072410473225673,15,12,-0.08713724274048239,-0.03729693818014384,0.19822940031434158
2018,9,grassland,-0.028864979414371474,-0.0132091968394787,13,10,-0.08178184758122314,-0.041111019114189754,0.16920567106515233
2018,10,cropland,-0.045189165239333466,-0.043956351039261,15,13,-0.11238871966319985,-0.043760414853001785,0.12171698103178155
2018,10,forest,0.00382747002779416,0.007949743109151,15,6,-0.1119962396544794,-0.04702434307048227,0.11924402738965174
2018,10,grassland,-0.01401609960800081,-0.013753085443038,13,9,-0.09950657733710067,-0.04870902708553461,0.1034589842300086
2022,4,cropland,-0.0045874793530737736,-0.0061383119476772,15,10,0.0011192246775687882,-0.0035439130402495325,-0.03626770759823817
2022,4,forest,-0.006152302878775902,-0.0075149847148736,15,11,0.0009215876000186983,-0.004470477381401652,-0.03661652944771026
2022,4,grassland,0.0071672691999167615,0.0077831304347826,13,2,-0.0015544291415781847,-0.00516704192497193,-0.027176225091999
2022,5,cropland,-0.006566694377621594,-0.0081203390880566,15,11,-0.03595505299199249,-0.0067424219042415325,0.10255349691584412
2022,5,forest,0.00018605341468662943,-7.305237475005574e-05,15,8,-0.034841780384580474,-0.007748846702053927,0.10323232259238317
2022,5,grassland,0.005984001921876961,6.199999999989547e-05,13,6,-0.03096925721512703,-0.008768289795813485,0.08714010656735363
2022,6,cropland,-0.04632260493827399,-0.0484467886669725,15,14,-0.03174675724260078,-0.012475937253140794,0.15433988162841267
2022,6,forest,0.002598901529410604,0.0057709151912143,15,6,-0.03236541159439045,-0.013660253025825693,0.15758629120814702
2022,6,grassland,-0.011764705155231437,-0.011272,13,10,-0.018295754026450877,-0.011173941025803328,0.11826872134150078
2022,7,cropland,-0.054217248052498695,-0.0581913220411633,15,15,-0.056495113314050376,-0.017134809473238814,0.24992382610789846
2022,7,forest,-0.01100107119270646,-0.0144898865373309,15,12,-0.05757162963354937,-0.018744172523773348,0.24331120646714724
2022,7,grassland,-0.03181182168279763,-0.0283749999999999,13,11,-0.04297295453309931,-0.014982614263718096,0.18024504334498917
2022,8,cropland,-0.0697924817226939,-0.0631611660072182,15,15,-0.07392035394769438,-0.02605100298197344,0.33206868128599276
2022,8,forest,-0.034207961230055775,-0.0368023525760702,15,15,-0.07651801116540452,-0.0287639378874972,0.3299978366419583
2022,8,grassland,-0.05634859400896171,-0.06068,13,11,-0.07176579587677308,-0.026239648734373008,0.24958922957393803
2022,9,cropland,-0.0035801343551844353,-4.495037467903057e-05,15,8,0.00519840862237976,-0.025554974127106857,-0.02597746443840799
2022,9,forest,-0.01315266032005628,-0.0152572583098591,15,11,0.006824618344786326,-0.02683697036938818,-0.029936212378888185
2022,9,grassland,-0.01698398051561713,-0.0225,13,8,-0.0082129280130229,-0.02744079333389227,-0.00796357146216237
2022,10,cropland,0.027700706509843145,0.0281850119999999,15,3,0.007882636274672174,-0.014552354081618995,0.028942041120745367
2022,10,forest,-0.015869557646098986,-0.0117348834224598,15,13,0.007765907252650639,-0.014065260704190277,0.031935574643124305
2022,10,grassland,0.013290785846433785,0.010323,13,3,-0.0019402139467917536,-0.01855436262639732,0.032433361107056975
