year,class_name,min_fraction,n_cells,sampled_fraction_sum,weighted_mean,weighted_negative_share
2003,cropland,0.0,10660,4512.679999999999,-0.10719257627844078,0.9905710132338214
2003,cropland,0.2,7133,4235.570000000001,-0.1064126591734392,0.9909480896313835
2003,grassland,0.0,4702,222.19000000000003,-0.0825261106796344,0.9846977811782708
2003,grassland,0.2,224,75.58,-0.06033338319781721,0.9962953162212227
2003,forest,0.0,10914,2841.3099999999995,-0.026594805815139826,0.8690815152165727
2003,forest,0.2,5186,2387.4300000000003,-0.024730947795147836,0.860619997235521
2018,cropland,0.0,10660,4512.679999999999,-0.09568663364157083,0.9610652649866599
2018,cropland,0.2,7133,4235.570000000001,-0.09538097207022506,0.9618847050101874
2018,grassland,0.0,4702,222.19000000000003,-0.06084475011101822,0.8889238939646247
2018,grassland,0.2,224,75.58,-0.032573385590462876,0.8708653082826145
2018,forest,0.0,10913,2841.2999999999997,-0.01514281740783007,0.7818744940696161
2018,forest,0.2,5186,2387.4300000000003,-0.013665484990549502,0.767888482594254
2022,cropland,0.0,10661,4512.69,-0.06748617783968697,0.8922217125483913
2022,cropland,0.2,7133,4235.570000000001,-0.06677015502808806,0.8923379852062413
2022,grassland,0.0,4702,222.19000000000003,-0.050210304186389144,0.7479634547009316
2022,grassland,0.2,224,75.58,-0.02645618987002252,0.6258269383434771
2022,forest,0.0,10912,2841.29,-0.018852129434317248,0.714752805943779
2022,forest,0.2,5186,2387.4300000000003,-0.019057696847755882,0.7204483482238222
