year,month,lc_name,ndvi_mean,n_states,negative_states,median_fraction
2003,4,broadleaf_clc,-0.01211990543497648,15,11,0.0245600048357891
2003,4,coniferous_clc,-0.015714698984394045,16,12,0.06718579409901934
2003,4,forest_modis,-0.016554754430760536,16,13,0.16440239050470284
2003,4,mixed_clc,-0.009424185768073893,15,11,0.0032699617943434
2003,5,broadleaf_clc,-0.022886562457848703,15,9,0.0245600048357891
2003,5,coniferous_clc,-0.030205406288092908,16,15,0.06718579409901934
2003,5,forest_modis,-0.028432579778482646,16,14,0.1644023905047028
2003,5,mixed_clc,-0.020971201280470166,15,12,0.0032699617943434
2003,6,broadleaf_clc,0.012521266267552959,15,5,0.0245600048357891
2003,6,coniferous_clc,0.008106017997663716,16,5,0.06718579409901934
2003,6,forest_modis,-2.8759619613016006e-05,16,6,0.1644023905047028
2003,6,mixed_clc,0.0072849894171202224,15,4,0.0032699617943434
2003,7,broadleaf_clc,0.017518205268443512,15,0,0.0245600048357891
2003,7,coniferous_clc,0.013236781683269994,16,0,0.06718579409901934
2003,7,forest_modis,0.013632122379730887,16,0,0.16440239050470284
2003,7,mixed_clc,0.015380457738138247,15,0,0.0032699617943434
2003,8,broadleaf_clc,-0.0236848130643784,15,15,0.0245600048357891
2003,8,coniferous_clc,-0.02513643753672497,16,14,0.06718579409901934
2003,8,forest_modis,-0.02937578193847588,16,15,0.1644023905047028
2003,8,mixed_clc,-0.026304593570841146,15,15,0.0032699617943434
2003,9,broadleaf_clc,0.0022359003216960716,15,6,0.0245600048357891
2003,9,coniferous_clc,-0.0008298658931064748,16,7,0.06718579409901934
2003,9,forest_modis,-0.001984724605400933,16,9,0.16440239050470284
2003,9,mixed_clc,-0.002520492501040768,15,6,0.0032699617943434
2003,10,broadleaf_clc,0.0922670180859273,15,0,0.0245600048357891
2003,10,coniferous_clc,0.054916454951682674,16,0,0.06718579409901934
2003,10,forest_modis,0.06454348302008023,16,0,0.1644023905047028
2003,10,mixed_clc,0.07230936989379998,15,0,0.0032699617943434
2018,4,broadleaf_clc,0.07636435442832637,15,0,0.0245600048357891
2018,4,coniferous_clc,0.04105677196494616,16,0,0.06718579409901934
2018,4,forest_modis,0.053352945017955414,16,0,0.1644023905047028
2018,4,mixed_clc,0.06207064715495176,15,0,0.0032699617943434
2018,5,broadleaf_clc,0.037854262607135966,15,0,0.0245600048357891
2018,5,coniferous_clc,0.03509405870910853,16,1,0.06718579409901934
2018,5,forest_modis,0.03563696456126259,16,1,0.1644023905047028
2018,5,mixed_clc,0.03461714282662891,15,0,0.0032699617943434
2018,6,broadleaf_clc,-0.00592911847343798,15,7,0.0245600048357891
2018,6,coniferous_clc,-0.009001299362124432,16,11,0.06718579409901934
2018,6,forest_modis,-0.006200420942609955,16,10,0.1644023905047028
2018,6,mixed_clc,-0.0057124813159545465,15,8,0.0032699617943434
2018,7,broadleaf_clc,0.017723188075951055,15,0,0.0245600048357891
2018,7,coniferous_clc,0.009926881728900959,16,3,0.06718579409901934
2018,7,forest_modis,0.010589206638451918,16,2,0.1644023905047028
2018,7,mixed_clc,0.012390099126713981,15,1,0.0032699617943434
2018,8,broadleaf_clc,-0.004543382639232734,15,10,0.0245600048357891
2018,8,coniferous_clc,-0.0094273940919873,16,11,0.06718579409901934
2018,8,forest_modis,-0.0104914397152233,16,13,0.16440239050470284
2018,8,mixed_clc,-0.010914934770963735,15,11,0.0032699617943434
2018,9,broadleaf_clc,0.0054374842939777625,15,5,0.0245600048357891
2018,9,coniferous_clc,0.00660340808637915,16,4,0.06718579409901934
2018,9,forest_modis,0.004717754176714413,16,6,0.1644023905047028
2018,9,mixed_clc,0.00385633470953024,15,6,0.0032699617943434
2018,10,broadleaf_clc,0.03387903577262964,15,1,0.0245600048357891
2018,10,coniferous_clc,0.012962374738705706,16,4,0.06718579409901934
2018,10,forest_modis,0.022071821879469707,16,2,0.1644023905047028
2018,10,mixed_clc,0.026258133046901725,15,0,0.0032699617943434
2022,4,broadleaf_clc,-0.007770481422381929,15,10,0.0245600048357891
2022,4,coniferous_clc,-0.004246034713387206,16,12,0.06718579409901934
2022,4,forest_modis,-0.003701989517086116,16,13,0.1644023905047028
2022,4,mixed_clc,-0.010557884479912183,15,13,0.0032699617943434
2022,5,broadleaf_clc,0.0092063174116849,15,4,0.0245600048357891
2022,5,coniferous_clc,-0.0017153321688542942,16,9,0.06718579409901934
2022,5,forest_modis,0.003219085936621534,16,8,0.1644023905047028
2022,5,mixed_clc,0.006879580021064507,15,4,0.0032699617943434
2022,6,broadleaf_clc,0.018561910313816522,15,1,0.0245600048357891
2022,6,coniferous_clc,0.015175553341025168,16,1,0.06718579409901934
2022,6,forest_modis,0.015490637850972013,16,0,0.16440239050470284
2022,6,mixed_clc,0.01689488005834068,15,0,0.0032699617943434
2022,7,broadleaf_clc,0.014643511206922073,15,0,0.0245600048357891
2022,7,coniferous_clc,0.004424802130076067,16,7,0.06718579409901934
2022,7,forest_modis,0.008185047416482343,16,4,0.1644023905047028
2022,7,mixed_clc,0.012469938180807527,15,0,0.0032699617943434
2022,8,broadleaf_clc,-0.010032291518147132,15,11,0.0245600048357891
2022,8,coniferous_clc,-0.02103354046748626,16,13,0.06718579409901934
2022,8,forest_modis,-0.018727396639338825,16,13,0.1644023905047028
2022,8,mixed_clc,-0.012045755316892313,15,11,0.0032699617943434
2022,9,broadleaf_clc,-0.0049010085238504735,15,10,0.0245600048357891
2022,9,coniferous_clc,-0.014327630355919552,16,11,0.06718579409901934
2022,9,forest_modis,-0.010579518641072275,16,11,0.1644023905047028
2022,9,mixed_clc,-0.005371418150840381,15,9,0.0032699617943434
2022,10,broadleaf_clc,-0.036253859982021866,15,13,0.0245600048357891
2022,10,coniferous_clc,-0.027303894415419874,16,13,0.06718579409901934
2022,10,forest_modis,-0.024787695989001924,16,13,0.16440239050470284
2022,10,mixed_clc,-0.025225397510158978,15,12,0.0032699617943434
