month,predictor,land_cover,n,r,ci_low,ci_high
4,sm_shallow_anom,cropland,375.0,0.043439049165947805,-0.2730214148849211,0.33284015625396074
4,sm_shallow_anom,grassland,325.0,-0.0754874957191763,-0.2936859599366236,0.17295661696313683
4,sm_shallow_anom,forest,375.0,-0.37008163235459884,-0.5696531230448805,-0.10288146105036663
4,sm_shallow_anom,cropland_minus_forest,,0.41352068152054666,0.1606936356670036,0.6115529564166611
4,sm_rootzone_anom,cropland,375.0,0.011530181643557005,-0.23161137767300521,0.2573233822213046
4,sm_rootzone_anom,grassland,325.0,-0.05961559477357823,-0.2568591477633212,0.1819394821883609
4,sm_rootzone_anom,forest,375.0,-0.17988294668822838,-0.40582637602824284,0.08680487016855665
4,sm_rootzone_anom,cropland_minus_forest,,0.1914131283317854,-0.031101134499085824,0.40184859491366604
4,vpd_anom_kpa,cropland,375.0,0.12272923588195338,-0.16196722330376795,0.4074125027354677
4,vpd_anom_kpa,grassland,325.0,0.2793410995247994,0.05264062543721571,0.46414257864634006
4,vpd_anom_kpa,forest,375.0,0.5730932161577913,0.34992116966757286,0.7199693780904844
4,vpd_anom_kpa,cropland_minus_forest,,-0.4503639802758379,-0.6314169354000626,-0.2307944629792734
5,sm_shallow_anom,cropland,375.0,0.25932265903014445,-0.04517713417456132,0.5028471325064855
5,sm_shallow_anom,grassland,325.0,-0.0011808200363047957,-0.19965460291619383,0.18815877995514008
5,sm_shallow_anom,forest,375.0,-0.2521415281640717,-0.4515653987470158,-0.032768994212968354
5,sm_shallow_anom,cropland_minus_forest,,0.5114641871942162,0.2946022325704273,0.678034894041742
5,sm_rootzone_anom,cropland,375.0,0.09690990985586191,-0.1661938026220857,0.3215565676394459
5,sm_rootzone_anom,grassland,325.0,0.0007654763501178705,-0.18075427460536317,0.1702352621962053
5,sm_rootzone_anom,forest,375.0,-0.1027799860705855,-0.2705765724526201,0.09315925966145396
5,sm_rootzone_anom,cropland_minus_forest,,0.19968989592644742,-0.016090823840559015,0.3938774752334382
5,vpd_anom_kpa,cropland,375.0,-0.15322399042300835,-0.42089027035801696,0.1154243884815263
5,vpd_anom_kpa,grassland,325.0,0.07744634532242102,-0.11277657996237858,0.24467491277531536
5,vpd_anom_kpa,forest,375.0,0.34345473329726484,0.11169861891731613,0.5259685038206976
5,vpd_anom_kpa,cropland_minus_forest,,-0.4966787237202732,-0.6783019403353543,-0.27409752112414326
6,sm_shallow_anom,cropland,375.0,0.5286700421190276,0.27449406911218516,0.7158670475096907
6,sm_shallow_anom,grassland,325.0,0.29809438364835444,0.11874250706398502,0.47508555744029457
6,sm_shallow_anom,forest,375.0,0.03868212742793077,-0.1928254726414189,0.2874550822380435
6,sm_shallow_anom,cropland_minus_forest,,0.4899879146910968,0.32181991061045595,0.647625167369473
6,sm_rootzone_anom,cropland,375.0,0.3607037253761125,0.15331150003322014,0.5389659018586127
6,sm_rootzone_anom,grassland,325.0,0.22447994099004825,0.07228910571405894,0.3820493698018838
6,sm_rootzone_anom,forest,375.0,0.20970530262507245,-0.03240874805385163,0.43008446992192306
6,sm_rootzone_anom,cropland_minus_forest,,0.15099842275104006,-0.060044294945113895,0.34572989151059247
6,vpd_anom_kpa,cropland,375.0,-0.46140029185326364,-0.636195380678765,-0.25594594000343235
6,vpd_anom_kpa,grassland,325.0,-0.2247460968994001,-0.4303662372496623,-0.010233455431778057
6,vpd_anom_kpa,forest,375.0,0.09614258281970793,-0.15871818821399736,0.30833158746196304
6,vpd_anom_kpa,cropland_minus_forest,,-0.5575428746729716,-0.7044048826805079,-0.38744329750063183
7,sm_shallow_anom,cropland,375.0,0.7129174216726604,0.5586080959413785,0.815932584040185
7,sm_shallow_anom,grassland,325.0,0.6268811204746156,0.4441034493402783,0.7561003824388269
7,sm_shallow_anom,forest,375.0,0.26672072327233065,0.07303008382920373,0.5143164599584357
7,sm_shallow_anom,cropland_minus_forest,,0.4461966984003297,0.23330318339682923,0.6138404714711093
7,sm_rootzone_anom,cropland,375.0,0.5544780796011787,0.3892242450792931,0.681483612314457
7,sm_rootzone_anom,grassland,325.0,0.5060330704753538,0.372953565638581,0.6170270379189652
7,sm_rootzone_anom,forest,375.0,0.31323844908804793,0.13928162608256017,0.4962050513177466
7,sm_rootzone_anom,cropland_minus_forest,,0.24123963051313074,0.016811519827579516,0.44863178308931634
7,vpd_anom_kpa,cropland,375.0,-0.614017045168479,-0.7958670897726705,-0.32344008212977926
7,vpd_anom_kpa,grassland,325.0,-0.4855383315975832,-0.7013746453373105,-0.15748624828398874
7,vpd_anom_kpa,forest,375.0,-0.11420540281353314,-0.5239064118927941,0.2285465826036355
7,vpd_anom_kpa,cropland_minus_forest,,-0.49981164235494585,-0.7088763180019161,-0.21885644044287741
8,sm_shallow_anom,cropland,375.0,0.857827768119073,0.7296220250371352,0.9068523226878915
8,sm_shallow_anom,grassland,325.0,0.6192547133798758,0.34048462677964464,0.7704114944622442
8,sm_shallow_anom,forest,375.0,0.3421113531572359,-0.009265424256175464,0.6143345516388681
8,sm_shallow_anom,cropland_minus_forest,,0.5157164149618372,0.27160555779435247,0.7744566179553873
8,sm_rootzone_anom,cropland,375.0,0.6536192977885141,0.47308650948058456,0.7559518233615881
8,sm_rootzone_anom,grassland,325.0,0.48275410059026397,0.21059269638342404,0.6517150136720888
8,sm_rootzone_anom,forest,375.0,0.3612245958227187,0.08161918552431673,0.6176031778534544
8,sm_rootzone_anom,cropland_minus_forest,,0.2923947019657954,0.05165201805030977,0.516990294739653
8,vpd_anom_kpa,cropland,375.0,-0.8563959955096455,-0.9141063744257439,-0.7048171976385613
8,vpd_anom_kpa,grassland,325.0,-0.5656514789328805,-0.7258451320525334,-0.26478005003969185
8,vpd_anom_kpa,forest,375.0,-0.3382547805682084,-0.5943943619238744,0.02536079845643468
8,vpd_anom_kpa,cropland_minus_forest,,-0.5181412149414371,-0.7640252759251008,-0.2948505919275445
9,sm_shallow_anom,cropland,375.0,0.6532020596457381,0.4572084338826928,0.7755226561709353
9,sm_shallow_anom,grassland,325.0,0.49216890416882203,0.2964168605525131,0.6319137023031876
9,sm_shallow_anom,forest,375.0,0.28209083119840556,0.05464909901613896,0.4727197942925221
9,sm_shallow_anom,cropland_minus_forest,,0.3711112284473325,0.19174715514448998,0.5433762923398991
9,sm_rootzone_anom,cropland,375.0,0.5396604317502599,0.3477665032542971,0.6512407824387155
9,sm_rootzone_anom,grassland,325.0,0.4134858116543926,0.28102064842361296,0.522954560859051
9,sm_rootzone_anom,forest,375.0,0.279405953037022,0.10388173447159418,0.42462784405328735
9,sm_rootzone_anom,cropland_minus_forest,,0.2602544787132379,0.10225646841051872,0.4073705646661645
9,vpd_anom_kpa,cropland,375.0,-0.5164737943365869,-0.7091671819485554,-0.2500442582697023
9,vpd_anom_kpa,grassland,325.0,-0.34965510050098997,-0.5657137242494887,-0.10185711338477849
9,vpd_anom_kpa,forest,375.0,-0.12758805246570643,-0.38480528893053,0.1461919197171347
9,vpd_anom_kpa,cropland_minus_forest,,-0.3888857418708805,-0.5822880125406625,-0.182586802519317
10,sm_shallow_anom,cropland,375.0,0.19410396884922343,-0.15587183745027372,0.46127180677641116
10,sm_shallow_anom,grassland,325.0,0.11347810106428609,-0.11549687005531828,0.2759330449320958
10,sm_shallow_anom,forest,375.0,-0.09854060661155183,-0.32507499289782543,0.08360140905031553
10,sm_shallow_anom,cropland_minus_forest,,0.29264457546077527,0.03680394320364162,0.4809636062069682
10,sm_rootzone_anom,cropland,375.0,0.03639044825195559,-0.21635354045043714,0.30187553880768014
10,sm_rootzone_anom,grassland,325.0,0.11050848472079738,-0.052820580981130884,0.27388115574269684
10,sm_rootzone_anom,forest,375.0,-0.025058427932892487,-0.26883950378236665,0.23880907683420846
10,sm_rootzone_anom,cropland_minus_forest,,0.061448876184848074,-0.22258427387147037,0.2960335476851007
10,vpd_anom_kpa,cropland,375.0,0.0863721365641024,-0.25255100690061555,0.43739023804492677
10,vpd_anom_kpa,grassland,325.0,0.11013406719635288,-0.10580812783887404,0.35984694301076214
10,vpd_anom_kpa,forest,375.0,0.13971187363743298,-0.07356859516056495,0.3405216534417612
10,vpd_anom_kpa,cropland_minus_forest,,-0.053339737073330576,-0.30898431302064827,0.2212678212164583
